0,morrigan_aensland
1,uchiha_sasuke
2,haruno_sakura
3,mithra
4,elvaan
5,maria_traydor
6,midorikawa_hana
7,wo-class_aircraft_carrier
8,re-class_battleship
9,hakurei_reimu
10,shiranui_(kantai_collection)
11,inkling
12,camilla_(fire_emblem_if)
13,shiina_mafuyu
14,muromi-san
15,kagiyama_hina
16,yuri_(angel_beats!)
17,himeji_mizuki
18,kobayakawa_rinko
19,akiyama_mio
20,ichinose_kotomi
21,shihou_matsuri
22,rider
23,kousaka_tamaki
24,suzumiya_haruhi
25,fate_testarossa
26,mima
27,hatsune_miku
28,nagato_yuki
29,tonami_yuma
30,maria_(hayate_no_gotoku!)
31,futami_eriko
32,tsuruya
33,shimazu_yoshino
34,suigintou
35,caren_hortensia
36,yuzuhara_konomi
37,kotegawa_yui
38,yagami_hayate
39,ginko
40,matou_sakura
41,hagiwara_yukiho
42,asakura_ryouko
43,komaki_manaka
44,takamachi_nanoha
45,louise_francoise_le_blanc_de_la_valliere
46,kusugawa_sasara
47,shana
48,wang_liu_mei
49,ayanami_rei
50,koizumi_itsuki
51,canal_vorfeed
52,suiseiseki
53,tsumura_tokiko
54,akagi_shigeru
55,me-tan
56,dizzy
57,kinomoto_sakura
58,shirakawa_kotori
59,lucy_maria_misora
60,hina_ichigo
61,eruruw
62,kotona_elegance
63,hume
64,remilia_scarlet
65,toudou_shimako
66,mishou_mai
67,miyazaki_nodoka
68,tear_grants
69,ayukawa_madoka
70,kirisame_marisa
71,sonozaki_mion
72,sheryl_nome
73,milly_ashford
74,lin_(breath_of_fire)
75,illyasviel_von_einzbern
76,gilgamesh
77,yuffie_kisaragi
78,tokiha_mai
79,maaryan
80,kos-mos
81,uzumaki_naruto
82,caro_ru_lushe
83,kisaragi_chihaya
84,shinku
85,marina_ismail
86,kohaku
87,apricot_sakuraba
88,izayoi_sakuya
89,saya
90,hoshii_miki
91,kobayakawa_yutaka
92,hana_(pangya)
93,kuga_natsuki
94,izumi_konata
95,toosaka_rin
96,francesca_lucchini
97,yakumo_ran
98,kanaria
99,nekomusume
100,tina_branford
101,kirakishou
102,tsunetsuki_matoi
103,tsukimiya_ayu
104,aruruw
105,kurusugawa_ayaka
106,katsuragi_misato
107,sion_eltnam_atlasia
108,lili_(tekken)
109,asahina_mikuru
110,sairenji_haruna
111,ayane_(doa)
112,honma_meiko
113,ranka_lee
114,hunter_(ragnarok_online)
115,hiiragi_kagami
116,souseiseki
117,amasawa_yuuko
118,sawachika_eri
119,pikachu
120,sasamori_karin
121,shimon
122,astaroth_(shinrabanshou)
123,aloe_(quiz_magic_academy)
124,nao_(mabinogi)
125,iroha_(samurai_spirits)
126,zenigata_mawari
127,naegino_sora
128,akizuki_ritsuko
129,onozuka_komachi
130,xp-tan
131,shigure_asa
132,shalon
133,isurugi_noe
134,fukuzawa_yumi
135,jessica_albert
136,misumi_nagisa
137,suzumiya_haruka
138,lafiel
139,kooh
140,koakuma
141,feena_fam_earthlight
142,kogami_akira
143,sonozaki_shion
144,watarase_jun
145,shameimaru_aya
146,toono_minagi
147,takeba_yukari
148,fuyou_kaede
149,hyuuga_hinata
150,yasaka_kanako
151,ilfa
152,tsukino_usagi
153,houraisan_kaguya
154,aerith_gainsborough
155,houjou_satoko
156,arima_miyako
157,haruka_(sister_princess)
158,kotonomiya_yuki
159,bikko
160,hisui
161,temari
162,etna
163,yagokoro_eirin
164,mizusawa_mao
165,felicia
166,amami_haruka
167,marui_mitsuba
168,milfeulle_sakuraba
169,98-tan
170,arin
171,anemone_(eureka_seven)
172,shinguuji_sakura
173,kamishirasawa_keine
174,chii
175,reinforce_zwei
176,arcueid_brunestud
177,kagurazaka_asuna
178,eureka
179,priest_(ragnarok_online)
180,enma_ai
181,chun-li
182,patchouli_knowledge
183,fujioka_haruhi
184,tifa_lockhart
185,c.c.
186,kirijou_mitsuru
187,makidera_kaede
188,pixiv-tan
189,kimidori_emiri
190,alice_carroll
191,high_priest
192,matsudaira_touko
193,morino_ichigo
194,ogiue_chika
195,hoshino_yuumi
196,rumia
197,sasaki_makie
198,fatina
199,estel_freesia
200,lune_zoldark
201,nerine
202,takara_miyuki
203,arisa_bannings
204,toono_akiha
205,yumizuka_satsuki
206,kasumi_(doa)
207,mizunashi_akari
208,kawasumi_mai
209,saigyouji_yuyuko
210,al_azif
211,sanji
212,furude_rika
213,kyon_no_imouto
214,ryuuguu_rena
215,alice_margatroid
216,bridget_(guilty_gear)
217,minase_iori
218,aozaki_aoko
219,m.o.m.o.
220,flandre_scarlet
221,hiiragi_tsukasa
222,2k-tan
223,haramura_nodoka
224,beatrix
225,konpaku_youmu
226,kyonko
227,kasugano_urara_(yes!_precure_5)
228,princess_athena
229,riesz
230,kashiwaba_tomoe
231,yamagishi_fuuka
232,hong_meiling
233,francoise_arnoul
234,yuri_sakazaki
235,chen
236,otonashi_saya
237,maka_albarn
238,nia_teppelin
239,kirin_(armor)
240,yakumo_yukari
241,hime_(kaibutsu_oujo)
242,len
243,siesta
244,miyafuji_yoshika
245,komaki_ikuno
246,izumi_ako
247,kallen_stadtfeld
248,yakui
249,lancer
250,ciel
251,caster
252,arima_senne
253,fujiwara_no_mokou
254,kawashiro_nitori
255,azusagawa_tsukino
256,tsukamoto_yakumo
257,yoshida_kazumi
258,atoli_(.hack//)
259,megurine_luka
260,ky_kiske
261,sakino_asuka
262,sumeragi_lee_noriega
263,hieda_no_akyuu
264,cloud_strife
265,andou_mahoro
266,ingrid
267,re_mii
268,vanessa_(king_of_fighters)
269,kyon
270,yoko_littner
271,kochiya_sanae
272,ester_ein_astrada
273,takano_miyo
274,chikage_(sister_princess)
275,link
276,hitomi_(doa)
277,kasuga_ayumu
278,sonya_(kill_me_baby)
279,reisen_udongein_inaba
280,mystia_lorelei
281,lyrica_prismriver
282,shiki_eiki
283,komeiji_satori
284,kurodani_yamame
285,ibuki_fuuko
286,furukawa_sanae
287,kashiwazaki_sena
288,aisaka_sayo
289,vita
290,signum
291,evangeline_a_k_mcdowell
292,iwakura_lain
293,akagi_(kantai_collection)
294,tachibana_makoto
295,izayoi_liko
296,archer
297,matsuno_juushimatsu
298,matsuno_todomatsu
299,aisaka_taiga
300,chi-chi_(dragon_ball)
301,makinami_mari_illustrious
302,princess_peach
303,hazuki_(tsukuyomi)
304,reinforce
305,sonsaku_hakufu
306,sophia_esteed
307,satou_lilly
308,uchiha_itachi
309,holo
310,akitsu_maru_(kantai_collection)
311,mutsu_(kantai_collection)
312,souryuu_(kantai_collection)
313,hatsukaze_(kantai_collection)
314,naka_(kantai_collection)
315,mamiya_(kantai_collection)
316,hatsushimo_(kantai_collection)
317,chitose_(kantai_collection)
318,kuroshio_(kantai_collection)
319,lambda-11
320,minamoto_no_raikou_(fate/grand_order)
321,sanya_v_litvyak
322,nanase_haruka_(free!)
323,ling_xiaoyu
324,rebecca_miyamoto
325,miyamura_miyako
326,luke_fon_fabre
327,yuri_lowell
328,tsubaki_yayoi
329,kazami_yuuka
330,katsura_hinagiku
331,tomoe_mami
332,kotomine_kirei
333,shigure_(kantai_collection)
334,nitta_minami
335,hibiki_(kantai_collection)
336,crystal_(pokemon)
337,phosphophyllite
338,kiryuuin_ragyou
339,kiryuuin_satsuki
340,jinx_(league_of_legends)
341,hino_akane_(idolmaster)
342,sabitsuki
343,konoe_subaru
344,hotarumaru
345,faris_scherwiz
346,otonashi_kotori
347,little_red_riding_hood_(grimm)
348,anya_alstreim
349,yamada_michiru
350,barasuishou
351,christina_sierra
352,miura_azusa
353,houjuu_nue
354,histoire
355,shizue_(doubutsu_no_mori)
356,aria_(sister_princess)
357,hidaka_ai
358,abe_nana
359,matsumoto_rangiku
360,mizuhashi_parsee
361,hinanawi_tenshi
362,mononobe_no_futo
363,nagae_iku
364,hoshiguma_yuugi
365,moriya_suwako
366,reiuji_utsuho
367,toyosatomimi_no_miko
368,cirno
369,miyako_yoshika
370,murasa_minamitsu
371,tsukumo_benben
372,fir
373,hijiri_byakuren
374,miyashiro_karin
375,kasumi_(pokemon)
376,yorda
377,sayla_mass
378,angel_(kof)
379,saki_(ar_tonelico)
380,imai_kana
381,tougou_ai
382,mimura_kanako
383,matsunaga_ryou
384,nonohara_akane
385,araki_hina
386,minami_kotori
387,saionji_kotoka
388,kikuchi_makoto
389,satou_shin
390,himekawa_yuki
391,maekawa_miku
392,futaba_anzu
393,ooishi_izumi
394,nagayoshi_subaru
395,kamijou_haruna
396,aquila_yuna
397,takafuji_kako
398,kitami_yuzu
399,oohara_michiru
400,seki_hiromi
401,mifune_miyu
402,toyokawa_fuuka
403,hayami_kanade
404,matsuda_arisa
405,yao_feifei
406,yagami_makino
407,morikubo_nono
408,usami_renko
409,multi
410,kagamine_len
411,kamiya_nao
412,psylocke
413,hino_akane_(smile_precure!)
414,hibari_(senran_kagura)
415,yuzuriha_inori
416,super_sonico
417,akashi_(kantai_collection)
418,super_pochaco
419,kaname_madoka
420,lenna_charlotte_tycoon
421,kawakaze_(kantai_collection)
422,mash_kyrielight
423,orihara_izaya
424,miyako
425,kousaka_kirino
426,momo_velia_deviluke
427,amifumi_inko
428,eren_yeager
429,tamura_hiyori
430,shijou_mitsuki
431,arika_yumemiya
432,bell_zephyr
433,jochuu-san
434,noumi_kudryavka
435,fujibayashi_kyou
436,subaru_nakajima
437,gertrud_barkhorn
438,ginga_nakajima
439,nunnally_lamperouge
440,teana_lanster
441,katsura_kotonoha
442,hoshino_ruri
443,sakagami_tomoyo
444,bushidou_(sekaiju)
445,ibuki_suika
446,last_order
447,nenohi_(kantai_collection)
448,meiko
449,lilith_aensland
450,ooyodo_(kantai_collection)
451,hayasui_(kantai_collection)
452,nagisa_kaworu
453,95-tan
454,ikezawa_hanako
455,lara_croft
456,mugino_shizuri
457,frederica_bernkastel
458,kurumi_erika
459,morichika_rinnosuke
460,gumi
461,kid_(chrono_cross)
462,yamada_aoi
463,miki_sayaka
464,sakura_kyouko
465,okazaki_yumemi
466,ene_(kagerou_project)
467,amanogawa_kirara
468,oomori_yuuko
469,sara_(touhou)
470,souryuu_asuka_langley
471,urotsuki
472,gasai_yuno
473,simon
474,hei
475,kagura_(gintama)
476,nanbara_chizuru
477,heather_mason
478,chrome_dokuro
479,belphegor_(reborn)
480,lily_white
481,elis_(touhou)
482,shinki
483,fusou_(kantai_collection)
484,namine
485,america_(hetalia)
486,waver_velvet
487,kaenbyou_rin
488,nami_(one_piece)
489,musashi_(kantai_collection)
490,sanageyama_uzu
491,akebono_(kantai_collection)
492,inubashiri_momiji
493,houshou_(kantai_collection)
494,fubuki_(kantai_collection)
495,tenryuu_(kantai_collection)
496,nagato_(kantai_collection)
497,kadotani_anzu
498,myoukou_(kantai_collection)
499,kaban_(kemono_friends)
500,katsuragi_(kantai_collection)
501,suzukaze_(kantai_collection)
502,takebe_saori
503,moose_(kemono_friends)
504,female_admiral_(kantai_collection)
505,bb_(fate/extra_ccc)
506,revy_(black_lagoon)
507,noctis_lucis_caelum
508,yorha_no._9_type_s
509,emiya_shirou
510,aegis_(persona)
511,astolfo_(fate)
512,ushiromiya_maria
513,kamikita_komari
514,aoki_lapis
515,suguri_(character)
516,yumehara_nozomi
517,ikari_shinji
518,yagami_iori
519,himekaidou_hatate
520,yuuki_makoto
521,lei_lei
522,ms._fortune_(skullgirls)
523,kuujou_joutarou
524,ooi_(kantai_collection)
525,destroyer_hime
526,haruna_(kantai_collection)
527,yamashiro_(kantai_collection)
528,murakumo_(kantai_collection)
529,ikazuchi_(kantai_collection)
530,kikuzuki_(kantai_collection)
531,sazanami_(kantai_collection)
532,yuudachi_(kantai_collection)
533,nowaki_(kantai_collection)
534,kaga_(kantai_collection)
535,kongou_(kantai_collection)
536,claire_redfield
537,matsuno_karamatsu
538,matsuno_choromatsu
539,tone_(kantai_collection)
540,ooshio_(kantai_collection)
541,kuma_(kantai_collection)
542,hamakaze_(kantai_collection)
543,accelerator
544,shijou_takane
545,kanzaki_ranko
546,toramaru_shou
547,wriggle_nightbug
548,daiyousei
549,ganaha_hibiki
550,lunasa_prismriver
551,shindou_chihiro
552,nakagawa_kanon
553,serah_farron
554,soma_peries
555,vivio
556,shirogane_luna
557,kyubey
558,sendai_hakurei_no_miko
559,kuchiki_rukia
560,crimson_viper
561,black_gold_saw
562,makoto_nanaya
563,kula_diamond
564,imca
565,labrys
566,niimi_kaoru
567,hazama
568,kotobuki_tsumugi
569,kasugano_sakura
570,kuroki_tomoko
571,aoba_(kantai_collection)
572,kanzuki_karin
573,nikki_(swapnote)
574,fubuki_(one-punch_man)
575,ryougi_shiki
576,anna_(frozen)
577,ike
578,narukami_yuu
579,cammy_white
580,judith
581,ken_masters
582,bayonetta_(character)
583,nakoruru
584,harime_nui
585,white_len
586,makoto_(street_fighter)
587,tatsumiya_mana
588,han_juri
589,sanada_akihiko
590,shermie
591,mankanshoku_mako
592,platinum_the_trinity
593,iris_(material_sniper)
594,sumomo_(pokemon)
595,wii_fit_trainer
596,kazama_asuka
597,haqua_d'rot_herminium
598,stocking_(psg)
599,aether_foundation_employee
600,isayama_yomi
601,mikasa_ackerman
602,ruby_rose
603,tatara_kogasa
604,lum
605,dark_magician_girl
606,kanzaki_akari
607,shiranui_mai
608,misaka_mikoto
609,yin
610,minase_akiko
611,hinomoto_hikari
612,tsuruta_himeko
613,matsumi_kuro
614,sorey_(tales)
615,philia_(sao)
616,kirito
617,asia_argento
618,toosaka_tokiomi
619,isla_(plastic_memories)
620,leafa
621,bedivere
622,sakihata_rimi
623,matsushima_michiru
624,ten'i_(ikkitousen)
625,lisbeth
626,shimamura_uzuki
627,strea
628,rena_lanford
629,haruka_(pokemon)
630,kiso_(kantai_collection)
631,kaku_seiga
632,akatsuki_(kantai_collection)
633,akigumo_(kantai_collection)
634,i-8_(kantai_collection)
635,harusame_(kantai_collection)
636,kurumi_(touhou)
637,nachi_(kantai_collection)
638,kobushi_abiru
639,kumoi_ichirin
640,ryuujou_(kantai_collection)
641,sendai_(kantai_collection)
642,makigumo_(kantai_collection)
643,nagatsuki_(kantai_collection)
644,takao_(kantai_collection)
645,shiratsuyu_(kantai_collection)
646,zuikaku_(kantai_collection)
647,hanyuu
648,ushiromiya_ange
649,ushiromiya_battler
650,yamanaka_ino
651,tron_bonne
652,nazrin
653,roll
654,koga_norio
655,tianzi
656,lilka_eleniak
657,rita_mordio
658,sf-a2_miki
659,kamui_gakupo
660,black_rock_shooter_(character)
661,maru-yu_(kantai_collection)
662,soraka
663,micaiah
664,rinpoo_chuan
665,gokou_ruri
666,fuuro_(pokemon)
667,komeiji_koishi
668,nu-13
669,hatena_yousei
670,satonaka_chie
671,melon-chan
672,furukawa_nagisa
673,saitama_(one-punch_man)
674,dante_(devil_may_cry)
675,aoki_reika
676,kagamine_rin
677,akemi_homura
678,fujimaru_ritsuka_(male)
679,beatrice
680,baiken
681,itoshiki_rin
682,komori_kiri
683,yang_xiao_long
684,wendy_(wendy's)
685,leon_(fire_emblem_if)
686,joker_(fire_emblem_if)
687,krom
688,fukiyose_seiri
689,honda_mio
690,nagi
691,nijou_noriko
692,kawazoe_tamaki
693,nico_robin
694,hikari_(pokemon)
695,fuura_kafuka
696,tanigawa_kanna
697,dio_brando
698,aqua_(kingdom_hearts)
699,whip_(kof)
700,hinazuki_ririna
701,viktor_nikiforov
702,yuri_plisetsky
703,kasen_kanesada
704,phichit_chulanont
705,komaeda_nagito
706,yamato-no-kami_yasusada
707,mikazuki_munechika
708,heshikiri_hasebe
709,fukawa_touko
710,atsushi_toushirou
711,ushiromiya_lion
712,matsuoka_rin
713,katsuki_yuuri
714,namazuo_toushirou
715,honebami_toushirou
716,medicine_melancholy
717,sengoku_nadeko
718,yukikaze_(kantai_collection)
719,levi_(shingeki_no_kyojin)
720,nekomura_iroha
721,seeu
722,izumi_sagiri
723,san
724,kuroko_tetsuya
725,usami_sumireko
726,regina_(dokidoki!_precure)
727,kiriya_aoi
728,ren_kougyoku
729,assassin_cross
730,hagoromo_gitsune
731,rachel_alucard
732,watatsuki_no_yorihime
733,igarashi_kyouko
734,matou_kariya
735,haku_(p&d)
736,hiiragi_yuzu
737,makise_kurisu
738,china_(hetalia)
739,aoi_sora_(pairan)
740,yuno
741,minase_nayuki
742,tenko_kuugen
743,eila_ilmatar_juutilainen
744,mutsuki_(kantai_collection)
745,marida_cruz
746,mikumo_guynemer
747,sieg_(fate/apocrypha)
748,birdy_cephon_altirra
749,blanc
750,natsume_rin
751,kinugasa_(kantai_collection)
752,ryouna_(senran_kagura)
753,horikawa_raiko
754,lacus_clyne
755,millia_rage
756,silica
757,roll_caskett
758,edward_elric
759,cibo
760,tatsumaki
761,phara_suyuf
762,shinomiya_karen
763,miyao_miya
764,ilyana
765,touko_(pokemon)
766,rosa_farrell
767,supergirl
768,nene_(sengoku_musou)
769,princess_daisy
770,irisviel_von_einzbern
771,charlotte_dunois
772,uno_(nanoha)
773,antarcticite
774,chiba_saori
775,taigei_(kantai_collection)
776,hiradaira_chisaki
777,airfield_hime
778,hoto_cocoa
779,shimakaze_(kantai_collection)
780,yamato_(kantai_collection)
781,z1_leberecht_maass_(kantai_collection)
782,kirigiri_kyouko
783,chikuma_(kantai_collection)
784,eva_beatrice
785,elie_macdowell
786,yukine_chris
787,totsuka_saika
788,miyaura_sanshio
789,atago_(kantai_collection)
790,sesshoumaru
791,jill_valentine
792,florence_nightingale_(fate/grand_order)
793,lelouch_lamperouge
794,kuroyukihime
795,hanekawa_tsubasa
796,z3_max_schultz_(kantai_collection)
797,kaine_(nier)
798,weiss_schnee
799,oshino_shinobu
800,kubiwa_(kutan)
801,iori_rinko
802,koujiro_frau
803,hiryuu_(kantai_collection)
804,yagen_toushirou
805,fujimaru_ritsuka_(female)
806,roy_mustang
807,yowane_haku
808,rydia
809,hoshimiya_ichigo
810,arisugawa_otome
811,laura_bodewig
812,ashigara_(kantai_collection)
813,kurapika
814,jude_mathis
815,heiwajima_shizuo
816,tateyama_ayano
817,kise_ryouta
818,shoukaku_(kantai_collection)
819,nishizumi_maho
820,kaburagi_t_kotetsu
821,lancer_(fate/zero)
822,tatsumi_kanji
823,noel_vermillion
824,asbel_lhant
825,kamitsure_(pokemon)
826,ayase_eli
827,kurousagi_(mondaiji)
828,samus_aran
829,white_mage
830,narusawa_ryouka
831,rainbow_mika
832,roberta_(black_lagoon)
833,yukishiro_honoka
834,shinonono_houki
835,asahina_mirai
836,imaichi_moenai_ko
837,cecilia_alcott
838,sherlock_shellingford
839,hishikawa_rikka
840,sazaki_kaoruko
841,millhiore_f_biscotti
842,maya_(kantai_collection)
843,umegiri_iroha
844,ikamusume
845,prier
846,shirogane_naoto
847,kisume
848,jaguar_(kemono_friends)
849,shokudaikiri_mitsutada
850,mutsu-no-kami_yoshiyuki
851,matsuno_osomatsu
852,shokuhou_misaki
853,russia_(hetalia)
854,hungary_(hetalia)
855,kushieda_minori
856,higashikata_jousuke
857,jean_pierre_polnareff
858,joseph_joestar_(young)
859,kuujou_jolyne
860,kishibe_rohan
861,genos
862,kira_yoshikage
863,sugimoto_reimi
864,kakyouin_noriaki
865,giorno_giovanna
866,guido_mista
867,prosciutto
868,diego_brando
869,jonathan_joestar
870,yamagishi_yukako
871,caesar_anthonio_zeppeli
872,bruno_buccellati
873,ibaraki_kasen
874,jakuri
875,minato_tomoka
876,elin_(tera)
877,annie_leonhardt
878,akizuki_ryou
879,otoshiro_seira
880,alisa_ilinichina_amiella
881,akatsuki_miho
882,luna_child
883,aki_minoriko
884,furudo_erika
885,bianca
886,zange
887,inaba_tewi
888,lunamaria_hawke
889,fujino_shizuru
890,shirley_fenette
891,ibuki_(street_fighter)
892,takaya_noriko
893,stellar_loussier
894,hoshi_shouko
895,cinque_(nanoha)
896,naoe_riki
897,jibril_(no_game_no_life)
898,erica_fontaine
899,totooria_helmold
900,amagi_yukiko
901,adachi_tooru
902,hanamura_yousuke
903,primula
904,ayase_fuuka
905,uryuu_ryuunosuke
906,vert
907,nepgear
908,oda_nobunaga_(fate)
909,noire
910,sekibanki
911,kijin_seija
912,maribel_hearn
913,doremy_sweet
914,ryuuzaki_umi
915,gene_(pso2)
916,itoshiki_nozomu
917,kusanagi_motoko
918,kishin_sagume
919,kazemaru_ichirouta
920,kanzaki_sumire
921,kirishima_touka
922,kido_tsubomi
923,kano_shuuya
924,kirishima_(kantai_collection)
925,toujou_nozomi
926,katori_(kantai_collection)
927,tatsuta_(kantai_collection)
928,takasugi_shinsuke
929,nina_(breath_of_fire_iv)
930,virginia_maxwell
931,feena_(grandia)
932,ramza_beoulve
933,maribel_(dq7)
934,beatrice_(wild_arms)
935,agrias_oaks
936,sakuya_(sister_princess)
937,nakano_azusa
938,umegiri_hifumi
939,takanami_(kantai_collection)
940,sekine
941,tenshi_(angel_beats!)
942,abukuma_(kantai_collection)
943,yokune_ruko
944,aki_shizuha
945,hoshino_yumemi
946,nyarlathotep_(nyaruko-san)
947,quetzalcoatl_(maidragon)
948,gwendolyn
949,wayu_(fire_emblem)
950,clarine
951,lyndis_(fire_emblem)
952,sasasegawa_sasami
953,hiro
954,nishizono_mio
955,takatsuki_yayoi
956,iwasaki_minami
957,alena_(dq4)
958,kamio_misuzu
959,yuasa_hiromi
960,c.c._lemon_(character)
961,villetta_nu
962,kiyama_harumi
963,asakura_rikako
964,oerba_dia_vanille
965,skuld
966,hakuryuu_(inazuma_eleven)
967,maeda_toushirou
968,kariya_masaki
969,lynette_bishop
970,kasodani_kyouko
971,maebara_keiichi
972,nishikino_maki
973,tiffania_westwood
974,darjeeling
975,jintsuu_(kantai_collection)
976,yuuki_kei
977,airi_(queen's_blade)
978,star_sapphire
979,shouhou_(kantai_collection)
980,roma_(kantai_collection)
981,sakuya_(p&d)
982,prussia_(hetalia)
983,arashio_(kantai_collection)
984,anila_(granblue_fantasy)
985,prinz_eugen_(kantai_collection)
986,bismarck_(kantai_collection)
987,suiren_(pokemon)
988,shuten_douji_(fate/grand_order)
989,yamoto_koki
990,shidare_hotaru
991,murasame_(kantai_collection)
992,shirayuki_mizore
993,neferpitou
994,shirai_kuroko
995,aty_(summon_night)
996,chidori_kaname
997,nekomiya_nono
998,liechtenstein_(hetalia)
999,nishizumi_miho
1000,belldandy
1001,leona_heidern
1002,raven_(tales)
1003,alice_(tales)
1004,merurulince_rede_arls
1005,kazami_mizuho
1006,shiomi_shuuko
1007,aquila_(kantai_collection)
1008,kobayakawa_sae
1009,yuugumo_(kantai_collection)
1010,karen_(sister_princess)
1011,okonogi_yuuko
1012,katou_marika
1013,saotome_alto
1014,madotsuki
1015,makino_kanna
1016,klan_klein
1017,setsuna_f_seiei
1018,harley_quinn
1019,kawashima_ami
1020,sawatari_makoto
1021,shaga_ayame
1022,ayase_yue
1023,jin_kisaragi
1024,sophitia_alexandra
1025,suzuya_juuzou
1026,midorikawa_nao
1027,bulleta
1028,kasane_teto
1029,yorha_no._2_type_b
1030,sakata_gintoki
1031,myoudouin_itsuki
1032,hirasawa_yui
1033,shirayuki_hime
1034,kohinata_miho
1035,tada_riina
1036,okazaki_ushio
1037,suzuya_(kantai_collection)
1038,otonashi_(angel_beats!)
1039,sanzen'in_nagi
1040,karasuma_chitose
1041,naoi_ayato
1042,segawa_izumi
1043,tokido_saya
1044,sakurano_kurimu
1045,natsume_kyousuke
1046,misaka_shiori
1047,wilhelmina_carmel
1048,hiiragi_miki
1049,shiodome_miuna
1050,kitashirakawa_tamako
1051,aizawa_sakuya
1052,hoshina_tomoko
1053,hoshino_fumina
1054,mukaido_manaka
1055,aragaki_ayase
1056,futaba_riho
1057,ryomou_shimei
1058,inami_mahiru
1059,asuna_(sao)
1060,saginomiya_isumi
1061,taneshima_popura
1062,kise_yayoi
1063,i-26_(kantai_collection)
1064,matoi_ryuuko
1065,shirasaka_koume
1066,louise_halevy
1067,takayama_sayoko
1068,ibuki_tsubasa
1069,nanao_yuriko
1070,sakurai_momoka
1071,higurashi_kagome
1072,koshimizu_sachiko
1073,saigusa_haruka
1074,kawashiro_mitori
1075,sakuma_mayu
1076,okita_souji_(fate)
1077,takane_manaka
1078,sonohara_anri
1079,chitanda_eru
1080,elsa_(frozen)
1081,aono_miki
1082,kurata_sayuri
1083,erza_scarlet
1084,united_kingdom_(hetalia)
1085,mifune_ryuuko
1086,ravel_phenex
1087,tieria_erde
1088,mizuno_ami
1089,charlotte_aulin
1090,tracer_(overwatch)
1091,squall_leonhart
1092,funami_yui
1093,tainaka_ritsu
1094,sendou_aichi
1095,zidane_tribal
1096,oikawa_shizuku
1097,hanabusa_kokoro
1098,nitori_aiichirou
1099,ash_crimson
1100,matsukaze_tenma
1101,silfa
1102,ise_(kantai_collection)
1103,armin_arlert
1104,elf_(dragon's_crown)
1105,watatsuki_no_toyohime
1106,ushiromiya_natsuhi
1107,amazon_(dragon's_crown)
1108,kuradoberi_jam
1109,reco
1110,barnaby_brooks_jr
1111,tennousu_athena
1112,kurugaya_yuiko
1113,kusunoki_midori
1114,kaito
1115,ia_(vocaloid)
1116,sekka_yufu
1117,namine_ritsu
1118,luo_tianyi
1119,mine_fujiko
1120,lily_(vocaloid)
1121,shiina_noriko
1122,takamori_aiko
1123,grayfia_lucifuge
1124,anceril_sacred
1125,kitashirakawa_chiyuri
1126,misha_(pita_ten)
1127,emerald_sustrai
1128,kusakabe_misao
1129,izayoi_aki
1130,lucina
1131,marth
1132,hitou_nami
1133,archbishop
1134,milla_maxwell
1135,yae_(ganbare_goemon)
1136,aisha_(elsword)
1137,estellise_sidos_heurassein
1138,akagi_towa
1139,hanasaki_tsubomi
1140,leia_rolando
1141,cheria_barnes
1142,linda_(fire_emblem)
1143,shimushu_(kantai_collection)
1144,samidare_(kantai_collection)
1145,admiral_(kantai_collection)
1146,letty_whiterock
1147,tsurumi_chiriko
1148,inoue_orihime
1149,nikka_edvardine_katajainen
1150,haguro_(kantai_collection)
1151,inazuma_(kantai_collection)
1152,kitakami_(kantai_collection)
1153,kagerou_(kantai_collection)
1154,asashio_(kantai_collection)
1155,jun'you_(kantai_collection)
1156,hatsuharu_(kantai_collection)
1157,furutani_himawari
1158,erica_hartmann
1159,sakura_chiyo
1160,yatogami_tooka
1161,rororina_fryxell
1162,kirino_ranmaru
1163,japan_(hetalia)
1164,witch_(puyopuyo)
1165,may_(guilty_gear)
1166,futami_mami
1167,anjou_naruko
1168,tsunade
1169,erika_(pokemon)
1170,oogami_tamaki
1171,tenjou_utena
1172,lucy_heartfilia
1173,satsuki_(kantai_collection)
1174,arle_nadja
1175,suzuki_ayane
1176,taihou_(kantai_collection)
1177,helma_lennartz
1178,yura_(kantai_collection)
1179,soga_no_tojiko
1180,akiyama_yukari
1181,maruyama_saki
1182,nonna
1183,princess_of_moonbrook
1184,nana_asta_deviluke
1185,enkidu_(fate/strange_fake)
1186,eve_(elsword)
1187,rakka
1188,johnny_joestar
1189,rikku
1190,asamiya_athena
1191,archerko
1192,toudou_yurika
1193,slaine_troyard
1194,sola-ui_nuada-re_sophia-ri
1195,emiya_kiritsugu
1196,pannacotta_fugo
1197,ivan_karelin
1198,melone
1199,karina_lyle
1200,izumi-no-kami_kanesada
1201,huang_baoling
1202,keith_goodman
1203,diavolo
1204,eleonore_kliesen
1205,joseph_oda
1206,robin_hood_(fate)
1207,lisa_lisa
1208,fujimura_taiga
1209,kaizuka_inaho
1210,seragaki_aoba
1211,risotto_nero
1212,ymir_(shingeki_no_kyojin)
1213,nanami_chiaki
1214,fudou_akio
1215,mistorene_callus
1216,shindou_takuto
1217,kiyama_hiroto
1218,kino_aki
1219,mikleo_(tales)
1220,sakuma_jirou
1221,nanobana_kinako
1222,sasa_kazamori
1223,afuro_terumi
1224,urakaze_(kantai_collection)
1225,mochizuki_(kantai_collection)
1226,nagara_(kantai_collection)
1227,aircraft_carrier_water_oni
1228,shiragiku_hotaru
1229,momoe_nagisa
1230,i-19_(kantai_collection)
1231,seaport_hime
1232,hosokawa_kanako
1233,amane_misa
1234,ruquia
1235,luviagelita_edelfelt
1236,isabella_valentine
1237,tabitha
1238,itou_chika
1239,3.1-tan
1240,akiba_rika
1241,morishima_haruka
1242,clala
1243,kuraki_suzuna
1244,nadia
1245,shidou_mariya
1246,lei_fang
1247,yomiko_readman
1248,henrietta_(gunslinger_girl)
1249,hitotsubashi_yurie
1250,charlotte_e_yeager
1251,kanzaki_kaori
1252,karura_(utawareru_mono)
1253,penelo
1254,arancia
1255,leonne
1256,matsuoka_miu
1257,inamori_mika
1258,asakura_nemu
1259,chiba_kirino
1260,kamigishi_akari
1261,naruko
1262,kaga_ai
1263,ogasawara_sachiko
1264,yukime_(jigoku_sensei_nube)
1265,seolla_schweizer
1266,miniwa_tsumiki
1267,merlin_prismriver
1268,viola_(majo_no_ie)
1269,serval_(kemono_friends)
1270,mizushima_saki
1271,yan_qing_(fate/grand_order)
1272,yowai_totoko
1273,enoshima_junko
1274,bulma
1275,myucel_foalan
1276,zuihou_(kantai_collection)
1277,kinu_(kantai_collection)
1278,kako_(kantai_collection)
1279,ramlethal_valentine
1280,shirley_medison
1281,kujikawa_rise
1282,videl
1283,seto_sun
1284,lightning_farron
1285,okita_sougo
1286,wakaba_(kantai_collection)
1287,fujiwara_hajime
1288,hyuuga_(kantai_collection)
1289,akagi_miria
1290,mika_(girls_und_panzer)
1291,nakano_yuka
1292,shibuya_rin
1293,natalia_(idolmaster)
1294,tamasaka_makoto
1295,tachibana_arisu
1296,aika_granzchesta
1297,junko_(touhou)
1298,djeeta_(granblue_fantasy)
1299,higana_(pokemon)
1300,hata_no_kokoro
1301,elly
1302,sunny_milk
1303,yuki_onna_(nurarihyon_no_mago)
1304,koizumi_hanayo
1305,mogami_shizuka
1306,shimabara_elena
1307,clarice_(idolmaster)
1308,tanaka_kotoha
1309,ichihara_nina
1310,satake_minako
1311,layla_(idolmaster)
1312,rossweisse
1313,yabuki_kana
1314,baba_konomi
1315,mochizuki_anna
1316,kuroka_(high_school_dxd)
1317,kinoshita_hinata
1318,tokugawa_matsuri
1319,celestia_ludenberck
1320,kitazawa_shiho
1321,houjou_karen
1322,hakozaki_serika
1323,suou_momoko
1324,harada_miyo
1325,kitakami_reika
1326,mizumoto_yukari
1327,moroboshi_kirari
1328,otokura_yuuki
1329,tenkuubashi_tomoka
1330,makabe_mizuki
1331,miyamoto_frederica
1332,doumyouji_karin
1333,yukico-tan
1334,kagami_sumika
1335,heroine_(dra+koi)
1336,mighty_yukiko
1337,lala_satalin_deviluke
1338,panty_(psg)
1339,mazaki_anzu
1340,medic_(sekaiju)
1341,minami_touma
1342,amamiya_yuuko
1343,kuhouin_murasaki
1344,raven_(dc)
1345,madeline_(eric_muentes)
1346,dark_precure
1347,sakura_(fire_emblem_if)
1348,faye_valentine
1349,chloe_lemaire
1350,cassandra_alexandra
1351,manabe_nodoka
1352,gardevoir
1353,maizono_sayaka
1354,haruhara_haruko
1355,palutena
1356,cordelia_(saga)
1357,urushibara_ruka
1358,virginia_knights
1359,kotohime
1360,miyamizu_mitsuha
1361,seychelles_(hetalia)
1362,sawa_azusa
1363,ryuuzaki_kaoru
1364,darkness_(konosuba)
1365,fin_e_ld_si_laffinty
1366,yuubari_(kantai_collection)
1367,usada_hikaru
1368,aizawa_hikaru
1369,yahagi_(kantai_collection)
1370,fear_kubrick
1371,michishio_(kantai_collection)
1372,lusamine_(pokemon)
1373,female_protagonist_(houkago_play)
1374,kiyohime_(fate/grand_order)
1375,i-58_(kantai_collection)
1376,arashi_(kantai_collection)
1377,kiryuu_moeka
1378,huang_lingyin
1379,phalanx_(sekaiju)
1380,tio_plato
1381,nori
1382,asama_tomo
1383,mary_stuart
1384,natsuki_mikuru
1385,nymph_(sora_no_otoshimono)
1386,velvet_(odin_sphere)
1387,izayoi_(blazblue)
1388,leonmitchelli_galette_des_rois
1389,mila_(doa)
1390,galko
1391,jack-o'_valentine
1392,glasses_girl_(nameo)
1393,kairi_(kingdom_hearts)
1394,araragi_karen
1395,utsugi_yuuki
1396,orie_(under_night_in-birth)
1397,araiguma-san
1398,maou_(maoyuu)
1399,shantae_(character)
1400,shampoo_(ranma_1/2)
1401,jakuzure_nonon
1402,blue_mary
1403,luxanna_crownguard
1404,senjougahara_hitagi
1405,arima_senka
1406,kino
1407,ayatsuji_tsukasa
1408,alleyne_(queen's_blade)
1409,carpaccio
1410,yuuki_(sao)
1411,mumei_(kabaneri)
1412,nibutani_shinka
1413,kirasaka_sayaka
1414,merry_(grimgar)
1415,wendy_marvell
1416,fukube_tamaki
1417,hoshizora_ikuyo
1418,takagaki_kaede
1419,uzuki_(kantai_collection)
1420,luize
1421,ionasal_kkll_preciel
1422,ushiromiya_jessica
1423,wakasagihime
1424,bellezza_felutia
1425,sakamoto_mio
1426,minna-dietlinde_wilcke
1427,mage_(dungeon_and_fighter)
1428,roy_(fire_emblem)
1429,mist_(fire_emblem)
1430,frisk_(undertale)
1431,ushio_(kantai_collection)
1432,akizuki_(kantai_collection)
1433,watanabe_you
1434,weno's_blonde_original_character
1435,sachi_(sao)
1436,boa_hancock
1437,mix_(aquarion)
1438,manya
1439,northern_ocean_hime
1440,nino_(arakawa)
1441,altera_(fate)
1442,katua
1443,zero_(fire_emblem_if)
1444,takumi_(fire_emblem_if)
1445,tharja
1446,olivia_(fire_emblem)
1447,chiki
1448,oboro_(fire_emblem_if)
1449,winry_rockbell
1450,satou_sei
1451,ashley_(warioware)
1452,tanamachi_kaoru
1453,ogata_chieri
1454,roromiya_karuta
1455,shiina_mayuri
1456,aizawa_inori
1457,tsukuyomi_komoe
1458,ima-no-tsurugi
1459,ookurikara
1460,houchou_toushirou
1461,tonbokiri_(touken_ranbu)
1462,kashuu_kiyomitsu
1463,tsurumaru_kuninaga
1464,ichigo_hitofuri
1465,dlanor_a_knox
1466,yamanbagiri_kunihiro
1467,akita_toushirou
1468,doudanuki_masakuni
1469,sonia_nevermind
1470,sage_(dq3)
1471,raspberyl
1472,saria
1473,daidouji_tomoyo
1474,onohara_asami
1475,minamino_kanade
1476,elpeo_puru
1477,kanna_kamui
1478,ereshkigal_(fate/grand_order)
1479,gourai
1480,celes_chere
1481,rio_rollins
1482,hoshizora_rin
1483,suou_pavlichenko
1484,kokonoe
1485,sun_wukong
1486,serena_(yuu-gi-ou_arc-v)
1487,mito_ikumi
1488,manaka_lala
1489,sombra_(overwatch)
1490,kana_anaberal
1491,fio_germi
1492,eno_konoe
1493,hinata_yukari
1494,meer_campbell
1495,little_nurse
1496,amamiya_ren
1497,aya_brea
1498,selvaria_bles
1499,asagami_fujino
1500,shinsha_(houseki_no_kuni)
1501,yuna_(ff10)
1502,kinoshita_hideyoshi
1503,sakawa_(kantai_collection)
1504,yayoi_(kantai_collection)
1505,kuonji_alice
1506,yamagumo_(kantai_collection)
1507,osakabe-hime_(fate/grand_order)
1508,naoki_miki
1509,tsurumaki_maki
1510,alisha_diphda
1511,akaza_akari
1512,sarashiki_tatenashi
1513,miyoshi_karin
1514,koiwai_yotsuba
1515,kohinata_miku
1516,mario
1517,suou_mikoto
1518,mint_blancmanche
1519,kujou_karen
1520,toudou_shion
1521,ayesha_altugle
1522,konjiki_no_yami
1523,aila_jyrkiainen
1524,kiss-shot_acerola-orion_heart-under-blade
1525,shiina_mashiro
1526,christa_renz
1527,kuromiya_raika
1528,ichinose_hajime
1529,sakura_(usashiro_mani)
1530,ricotta_elmar
1531,farrah_(granblue_fantasy)
1532,sento_isuzu
1533,velvet_scarlatina
1534,electro_emilia
1535,kasugano_sora
1536,kurosaki_mea
1537,xion_(kingdom_hearts)
1538,anchovy
1539,kongou_(aoki_hagane_no_arpeggio)
1540,natsuki_rin
1541,kisaragi_momo
1542,hatsuseno_alpha
1543,yuzuriha_(under_night_in-birth)
1544,elphelt_valentine
1545,kamiki_mirai
1546,haruno_haruka
1547,tsukikage_yuri
1548,houjou_hibiki
1549,izuna_(shinrabanshou)
1550,hestia_(danmachi)
1551,mizushiro_celica
1552,himemiya_touri
1553,au_ra
1554,kashima_yuu
1555,foo_fighters
1556,narancia_ghirga
1557,lyn_(blade_&_soul)
1558,inui_sana
1559,log-mi_(tonpuu)
1560,shanghai_doll
1561,tokiko_(touhou)
1562,darry_adai
1563,haman_karn
1564,mai_(touhou)
1565,clare_(claymore)
1566,kohaku_(yua)
1567,pachira
1568,rche_(beatmania)
1569,marui_hitoha
1570,meiko_(inuarashi)
1571,yami_shoujo
1572,dead_master
1573,sukuna_shinmyoumaru
1574,charlotte_(madoka_magica)
1575,tachibana_himeko
1576,leonardo_da_vinci_(fate/grand_order)
1577,naganami_(kantai_collection)
1578,widowmaker_(overwatch)
1579,kozakura_marry
1580,escha_malier
1581,howl_(howl_no_ugoku_shiro)
1582,tomoe_hotaru
1583,dekomori_sanae
1584,shirakiin_ririchiyo
1585,apricot_(yamai)
1586,tokitsukaze_(kantai_collection)
1587,oribe_yasuna
1588,nargacuga_(armor)
1589,sofiya
1590,iowa_(kantai_collection)
1591,wang_yuanji
1592,kurosaki_makoto
1593,shuu_(inazuma_eleven)
1594,miyasaka_ryou
1595,horikawa_kunihiro
1596,u-511_(kantai_collection)
1597,takagi_(tansuke)
1598,karin_(p&d)
1599,takamine_noa
1600,yazawa_nico
1601,takao_(aoki_hagane_no_arpeggio)
1602,asui_tsuyu
1603,kiyoshimo_(kantai_collection)
1604,meimei_(p&d)
1605,yuel_(granblue_fantasy)
1606,hecatia_lapislazuli
1607,matara_okina
1608,midare_toushirou
1609,belgium_(hetalia)
1610,nausicaa
1611,sasaki_chiho
1612,chai_xianghua
1613,yuuki_mikan
1614,dark_dream
1615,nagase_kaede
1616,mikuma_(kantai_collection)
1617,hiei_(kantai_collection)
1618,natori_(kantai_collection)
1619,bazett_fraga_mcremitz
1620,lee-enfield_(girls_frontline)
1621,m1903_springfield_(girls_frontline)
1622,dsr-50_(girls_frontline)
1623,atago_(azur_lane)
1624,m4_sopmod_ii_(girls_frontline)
1625,marie_antoinette_(fate/grand_order)
1626,zangyaku-san
1627,mugetsu
1628,amane_(dream_c_club)
1629,alice_(wonderland)
1630,sagisawa_fumika
1631,hino_rei
1632,sasaki_chie
1633,taiwan_(hetalia)
1634,belarus_(hetalia)
1635,tanigawa_yuzu
1636,feldt_grace
1637,goshiki_agiri
1638,taki_(soulcalibur)
1639,yumeko
1640,noshiro_(kantai_collection)
1641,sakura_megumi
1642,kan'u_unchou
1643,urin_(umi_monogatari)
1644,chibi_usa
1645,ikebukuro_akiha
1646,miwajou
1647,ikaruga_(senran_kagura)
1648,buratei_marii
1649,note-chan
1650,atra_mixta
1651,nanasaki_ai
1652,miria_marigold_mackenzie
1653,anegasaki_nene
1654,sasaki_(suzumiya_haruhi)
1655,shirakawa_nanaka
1656,katagiri_sanae
1657,irisu_fuyumi
1658,hisanuma_sayu
1659,tamura_manami
1660,futami_ami
1661,takatsuki_ichika
1662,mamoru_(sister_princess)
1663,index
1664,shurelia
1665,emperor_penguin_(kemono_friends)
1666,ro-500_(kantai_collection)
1667,wakabayashi_tomoka
1668,yui_(angel_beats!)
1669,kumano_(kantai_collection)
1670,mizutani_eri
1671,shiina_(angel_beats!)
1672,ookami_ryouko
1673,kyouno_madoka
1674,kukuri
1675,hattori_yuu
1676,sakuraba_rola
1677,imaizumi_kagerou
1678,d.va_(overwatch)
1679,gengetsu
1680,riza_hawkeye
1681,kasuga_mirai
1682,emily_stewart
1683,anastasia_(idolmaster)
1684,nanami_lucia
1685,ikaros
1686,hirose_yasuho
1687,kokutou_azaka
1688,power_girl
1689,fuuchouin_kazuki
1690,alicia_(granblue_fantasy)
1691,jack_the_ripper_(fate/apocrypha)
1692,ump40_(girls_frontline)
1693,soren
1694,passion_lip
1695,malariya
1696,touwa_erio
1697,lambdadelta
1698,yotsuba_alice
1699,kenzaki_makoto
1700,saratoga_(kantai_collection)
1701,unryuu_(kantai_collection)
1702,min_min_(arms)
1703,takeya_yuki
1704,raynare
1705,umegiri_ameto
1706,kururugi_suzaku
1707,sayaka_(saru_getchu)
1708,daidouji_kira
1709,fujisaki_chihiro
1710,ara_han
1711,nitori_shuuichi
1712,haru_(tsuritama)
1713,mikado_nagi
1714,shino_hajime
1715,kobayakawa_horan
1716,himeno_kanon
1717,collet_brunel
1718,isuzu_(kantai_collection)
1719,okita_sawa
1720,lina_inverse
1721,mori_hikiko
1722,sorceress_(dragon's_crown)
1723,monk_(sekaiju)
1724,yuzuki_yukari
1725,momozono_love
1726,kanbaru_suruga
1727,hamaguchi_ayame
1728,aiba_yumi
1729,serafall_leviathan
1730,shiguma_rika
1731,penny_polendina
1732,meleph_(xenoblade)
1733,homura_(xenoblade_2)
1734,perrine_h_clostermann
1735,kiki
1736,aqua_(fire_emblem_if)
1737,pascal
1738,madoka_aguri
1739,yakushiji_saaya
1740,marivel_armitage
1741,warspite_(kantai_collection)
1742,kasumi_(kantai_collection)
1743,asakaze_(kantai_collection)
1744,i-13_(kantai_collection)
1745,ark_royal_(kantai_collection)
1746,kuonji_ukyou
1747,hattori_shizuka
1748,norimaki_arale
1749,senkawa_chihiro
1750,sophie_(tales)
1751,kon_futaba
1752,aoba_tsugumi
1753,handa_roko
1754,lillie_(pokemon)
1755,hoshizora_miyuki
1756,kousaka_honoka
1757,hirasawa_ui
1758,isokaze_(kantai_collection)
1759,sierra_mikain
1760,mogami_(kantai_collection)
1761,bel_(pokemon)
1762,female_protagonist_(persona_3)
1763,ahri
1764,matoi_(pso2)
1765,asseylum_vers_allusia
1766,takakura_himari
1767,ashelia_b'nargin_dalmasca
1768,aozaki_touko
1769,hijikata_toushirou
1770,hisau_maiya
1771,trish_una
1772,amy_(suisei_no_gargantia)
1773,lemrina_vers_envers
1774,raimon_natsumi
1775,fubuki_shirou
1776,yamana_akane
1777,minamisawa_atsushi
1778,beta_(inazuma_eleven)
1779,ayanami_(kantai_collection)
1780,maikaze_(kantai_collection)
1781,meltlilith
1782,wu_zetian_(fate/grand_order)
1783,misaki_mei
1784,matsumi_yuu
1785,hakamada_hinata
1786,angela_balzac
1787,monk_(fft)
1788,alchemist_(ragnarok_online)
1789,hayase_mitsuki
1790,konno_makoto
1791,minato
1792,tomori_nao
1793,shinonome_nano
1794,suenaga_mirai
1795,dyute_(fire_emblem)
1796,marks_(fire_emblem_if)
1797,laphicet_(tales)
1798,nitocris_(fate/grand_order)
1799,gran_(granblue_fantasy)
1800,morgiana
1801,muse_(amaburi)
1802,stephanie_dora
1803,aircraft_carrier_hime
1804,orange_heart
1805,harukawa_maki
1806,kurokawa_chiaki
1807,ninomiya_asuka
1808,asashimo_(kantai_collection)
1809,isuzu_hana
1810,kashima_(kantai_collection)
1811,hayashimo_(kantai_collection)
1812,amatsukaze_(kantai_collection)
1813,chara_(undertale)
1814,blue_(pokemon)
1815,motoori_kosuzu
1816,hinamori_amu
1817,nishida_satono
1818,cagalli_yula_athha
1819,annie_hastur
1820,nasu_no_yoichi
1821,puru_two
1822,jougasaki_mika
1823,toujou_koneko
1824,mizuki_seira
1825,maihama_ayumu
1826,fukuyama_mai
1827,julia_(idolmaster)
1828,sakakibara_satomi
1829,koseki_reina
1830,komatsu_ibuki
1831,yuuki_haru
1832,choukai_(kantai_collection)
1833,haruka_(senran_kagura)
1834,yoshioka_chie
1835,nono_(top_wo_nerae_2!)
1836,touka_(utawareru_mono)
1837,triela
1838,rozalin
1839,merry_nightmare
1840,misaka_worst
1841,ibaraki_douji_(fate/grand_order)
1842,yomi_(senran_kagura)
1843,ashikaga_chachamaru
1844,kotone_(pokemon)
1845,teruzuki_(kantai_collection)
1846,frenda_seivelun
1847,koto_(kyousougiga)
1848,wakasa_yuuri
1849,nina_(breath_of_fire_v)
1850,northern_italy_(hetalia)
1851,mochizuki_hijiri
1852,mary_cochran
1853,itsumi_erika
1854,freyja_wion
1855,euphemia_li_britannia
1856,futaki_kanata
1857,candela_(pokemon)
1858,tamaki_iroha
1859,hakamichi_shizune
1860,scathach_(fate/grand_order)
1861,corticarte_apa_lagranges
1862,saten_ruiko
1863,minami_haruka
1864,horizon_ariadust
1865,kitten_(gravity_daze)
1866,riesbyfe_stridberg
1867,king_(snk)
1868,korra
1869,tsurime-chan
1870,sakurai_rihoko
1871,miia_(monster_musume)
1872,edea_lee
1873,serena_(pokemon)
1874,curly_brace
1875,ibarazaki_emi
1876,zarya_(overwatch)
1877,mikado_shiina
1878,linne
1879,balalaika_(black_lagoon)
1880,bullet_(blazblue)
1881,twilight_sparkle
1882,annie_mei
1883,tsukahara_hibiki
1884,iwasawa
1885,deedlit
1886,amayadori_machi
1887,setsuko_ohara
1888,tachibana_miya
1889,takakamo_shizuno
1890,isshiki_iroha
1891,suou_amane
1892,uiharu_kazari
1893,argo_the_rat
1894,sakuragi_hinako
1895,rem_(re:zero)
1896,chtholly_nota_seniorious
1897,himeragi_yukina
1898,kirisaki_chitoge
1899,saji_genpou_(true)
1900,sugiura_ayano
1901,yamamura_sadako
1902,reisen
1903,sasha_braus
1904,hatsuyuki_(kantai_collection)
1905,ushiromiya_rosa
1906,noihara_himari
1907,lilina
1908,takami_chika
1909,mikazuki_yozora
1910,shannon
1911,toshinou_kyouko
1912,senri_akane
1913,catherine
1914,soleil_(fire_emblem_if)
1915,celica_(fire_emblem)
1916,bronya_zaychik
1917,mei_(pokemon)
1918,marie_rose
1919,futatsuiwa_mamizou
1920,ichii_tooru
1921,katou_megumi
1922,sylvie_(dorei_to_no_seikatsu)
1923,danua
1924,frankenstein's_monster_(fate)
1925,nanakura_koharu
1926,nijino_yume
1927,kuroki_rei
1928,kamazuki_suzuno
1929,azuki_azusa
1930,takao_(d-frag!)
1931,nogizaka_haruka
1932,nanjou_hikaru
1933,kazanari_tsubasa
1934,kaname_buccaneer
1935,selphie_tilmitt
1936,kan'u
1937,mercy_(overwatch)
1938,kanno_naoe
1939,kaguya_(kagaminomachi_no_kaguya)
1940,nakatsu_shizuru
1941,serizawa_momoka
1942,malon
1943,rasis
1944,ib_(ib)
1945,oomuro_sakurako
1946,ellen_baker
1947,succubus_(disgaea)
1948,momose_rio
1949,leila_(code_geass)
1950,tanaka_asuka
1951,princess_(princess_principal)
1952,android_18
1953,tennouboshi_uzume
1954,diamond_(houseki_no_kuni)
1955,yukikaze_panettone
1956,lisa_(seiken_no_blacksmith)
1957,kisaragi_(kantai_collection)
1958,youjo_(creek_(moon-sky))
1959,yunyun_(konosuba)
1960,tachibana_hibiki_(symphogear)
1961,maria_cadenzavna_eve
1962,sonoda_umi
1963,itsuka_kotori
1964,elesis_(elsword)
1965,araragi_tsukihi
1966,hastur_(nyaruko-san)
1967,touma_kazusa
1968,hasegawa_kobato
1969,shimada_arisu
1970,saegusa_wakaba
1971,isis_(p&d)
1972,mikasa_(azur_lane)
1973,alphonse_elric
1974,victorica_de_blois
1975,kudou_fuyuka
1976,shirona_(pokemon)
1977,celica_a_mercury
1978,kokonoe_rin
1979,takanashi_rikka
1980,minami_mirei
1981,clarisse_(granblue_fantasy)
1982,arrietty
1983,sheeda
1984,yatadera_narumi
1985,electro_alice
1986,kaiba_seto
1987,gangut_(kantai_collection)
1988,katarina_du_couteau
1989,shoebill_(kemono_friends)
1990,pharah_(overwatch)
1991,iri_flina
1992,kondou_taeko
1993,takagi-san
1994,eucliwood_hellscythe
1995,niijima_makoto
1996,tanikaze_(kantai_collection)
1997,hayasaka_mirei
1998,munakata_atsumi
1999,amae_koromo
2000,black_hood
2001,minami_kana
2002,ikeda_kana
2003,paola
2004,purple_heart
2005,adult_neptune
2006,seiran_(touhou)
2007,shikinami_(kantai_collection)
2008,minakami_mai
2009,charlotte_(fire_emblem_if)
2010,trance_(hijiri)
2011,takahara_ayumi
2012,cornelia_li_britannia
2013,fumizuki_(kantai_collection)
2014,etorofu_(kantai_collection)
2015,misaka_kaori
2016,yuuki_nao
2017,matsuura_kanan
2018,cafe_(cafe-chan_to_break_time)
2019,kunikida_hanamaru
2020,vampy
2021,girl_(deemo)
2022,kagura_(azumanga_daiou)
2023,pekoyama_peko
2024,silva_(granblue_fantasy)
2025,amano_tooko
2026,i-168_(kantai_collection)
2027,matsukaze_(kantai_collection)
2028,katou_keiko
2029,koyama_yuzu
2030,yusa_emi
2031,ringo_(touhou)
2032,mikazuki_(kantai_collection)
2033,princess_zelda
2034,kirima_sharo
2035,serra
2036,shiro_(no_game_no_life)
2037,monica_kruszewski
2038,oryou_(girls_und_panzer)
2039,sunohara_mei
2040,hiyou_(kantai_collection)
2041,chiyoda_(kantai_collection)
2042,hinasaki_miku
2043,furutaka_(kantai_collection)
2044,material-s
2045,manaka_hitomi
2046,rosetta_(mario)
2047,gowther
2048,nino_(fire_emblem)
2049,lute_(fire_emblem)
2050,narumiya_yume
2051,arare_(kantai_collection)
2052,kimidori_(ico)
2053,yuneri_(azuki_akizuki)
2054,tokiwa_midori
2055,kirigaya_suguha
2056,todoroki_yachiyo
2057,nishizawa_ayumu
2058,hachikuji_mayoi
2059,tsutsukakushi_tsukiko
2060,suzuki_jun
2061,kaga_kouko
2062,yune_(ikoku_meiro_no_croisee)
2063,ayasaki_hayate
2064,fujinami_(kantai_collection)
2065,shichimiya_satone
2066,kawashima_mizuki
2067,xia_yu_yao
2068,ion
2069,wiz_(konosuba)
2070,hange_zoe
2071,kousaka_umi
2072,iws-2000_(girls_frontline)
2073,mukai_takumi
2074,lavolpe_(yagisaka_seto)
2075,sajou_yukimi
2076,amatsuka_mao
2077,ishtar_(fate/grand_order)
2078,stella_vermillion
2079,jougasaki_rika
2080,ange_(princess_principal)
2081,japanese_crested_ibis_(kemono_friends)
2082,cyan_(show_by_rock!!)
2083,yokoyama_nao
2084,shiina_kokomi
2085,miyanaga_saki
2086,kanoe_yuuko
2087,kisaragi_saya
2088,oginome_ringo
2089,kinoshita_shizuka
2090,urabe_mikoto
2091,shidou_irina
2092,yuzuhara_haruka
2093,hashimoto_nyaa
2094,diane_(nanatsu_no_taizai)
2095,aile
2096,bachou_mouki
2097,kotoura_haruka
2098,aida_mana
2099,akita_neru
2100,sakaki
2101,mai_natsume
2102,chevalier_d'eon_(fate/grand_order)
2103,minami_chiaki
2104,flonne
2105,onodera_kosaki
2106,fujimoto_rina
2107,ootsuki_yui
2108,isonami_(kantai_collection)
2109,blake_belladonna
2110,sheik
2111,yuria_(fire_emblem)
2112,yarizui_sen
2113,ayasato_mayoi
2114,estelle_bright
2115,hanna_rudel
2116,dark-skinned_girl_(23)
2117,elizabeth_liones
2118,royal_penguin_(kemono_friends)
2119,fukube_satoshi
2120,oreki_houtarou
2121,ujimatsu_chiya
2122,kafuu_chino
2123,katsushika_hokusai_(fate/grand_order)
2124,atarashi_ako
2125,shirabe_ako
2126,rinoa_heartilly
2127,hikami_sumire
2128,yurin_leciel
2129,anna_(sennen_sensou_aigis)
2130,yamagou_ayumi
2131,amatsuka_megumi_(gj-bu)
2132,miyanaga_teru
2133,hanada_kirame
2134,naomi_(girls_und_panzer)
2135,kawanishi_shinobu
2136,kawashima_momo
2137,nishi_yuuko
2138,hinazuki_kayo
2139,oumae_kumiko
2140,audrey_burne
2141,kaburagi_kaede
2142,otonashi_haruna
2143,yusa_(angel_beats!)
2144,yamanaka_sawako
2145,hermione_granger
2146,so_dakki
2147,kaminagi_ryouko
2148,misaka_imouto
2149,fujibayashi_ryou
2150,sakurazaki_setsuna
2151,gally
2152,tedeza_rize
2153,shamal
2154,harada_makoto
2155,rias_gremory
2156,nishi_minami
2157,tsushima_yoshiko
2158,miyamoto_musashi_(fate/grand_order)
2159,mizuki-chan_(sasahara_wakaba)
2160,plain_doll
2161,totoki_airi
2162,lapis_lazuli_(houseki_no_kuni)
2163,nena_trinity
2164,teletha_testarossa
2165,clownpiece
2166,ogiso_setsuna
2167,nono_(fire_emblem)
2168,himejima_akeno
2169,yamato_aki
2170,matoba_risa
2171,krul_tepes
2172,oohoshi_awai
2173,super_tama_musume
2174,xuan_ying
2175,midarezaki_kyouka
2176,marta_lualdi
2177,kageyama_torako
2178,yamada_elf
2179,yoshikawa_chinatsu
2180,barbara
2181,kinuhata_saiai
2182,hinoka_(fire_emblem_if)
2183,nanami_haruka
2184,hinata_kaho
2185,amagiri_(kantai_collection)
2186,tanya_degurechaff
2187,shikibu_honoka
2188,lenalee_lee
2189,luthica_preventer
2190,parasoul_(skullgirls)
2191,oboro_(kantai_collection)
2192,kousaka_china
2193,nina_williams
2194,kosaka_chihiro
2195,esdeath
2196,battleship_hime
2197,natsume_(pokemon)
2198,busujima_saeko
2199,kagari_atsuko
2200,mei_(overwatch)
2201,aino_minako
2202,kuriyama_mirai
2203,mian_(dream_c_club)
2204,inuyasha_(character)
2205,alice_schuberg
2206,kataoka_yuuki
2207,hiiragi_shinoa
2208,lecia_(granblue_fantasy)
2209,felt_(re:zero)
2210,alluka_zoldyck
2211,grey_wolf_(kemono_friends)
2212,suzuka_gozen_(fate)
2213,eirika
2214,minerva_(fire_emblem)
2215,american_beaver_(kemono_friends)
2216,tsukuyomi_shirabe
2217,honoka_(doa)
2218,ninian
2219,shinano_toushirou
2220,alicia_melchiott
2221,pola_(kantai_collection)
2222,shimizu_kiyoko
2223,amagi_(kantai_collection)
2224,sakuramori_kaori
2225,kotonoha_aoi
2226,enterprise_(azur_lane)
2227,kishinami_hakuno_(female)
2228,tsana_(lansane)
2229,yuigahama_yui
2230,lust
2231,watashi_(jintai)
2232,tsugumi_seishirou
2233,yozakura_(senran_kagura)
2234,mito_mashiro
2235,kanzaki_h_aria
2236,fuyumine_naoto
2237,ots-14_(girls_frontline)
2238,shiro_(dennou_shoujo_youtuber_shiro)
2239,kurumizawa_satanichia_mcdowell
2240,nagatoro
2241,ohara_mari
2242,io_euclase
2243,aardwolf_(kemono_friends)
2244,banagher_links
2245,mao_(pokemon)
2246,shinomiya_himawari
2247,ouka_september
2248,unicorn_(azur_lane)
2249,akimoto_komachi
2250,inaba_rinne
2251,jinno_megumi
2252,sakurai_yumeko
2253,xingchen
2254,nancy_lee
2255,zero_(drag-on_dragoon)
2256,yoshino_chidori
2257,sakuragi_matsuri
2258,felix_argyle
2259,aircraft_carrier_oni
2260,utane_uta
2261,elizabeth_(persona)
2262,akai_ringo_(ookami-san)
2263,astarotte_ygvar
2264,kitashirakawa_anko
2265,fukuji_mihoko
2266,altair_floone
2267,white_heart
2268,uka-no-mitama-no-kami_(inakon)
2269,aida_rayhunton
2270,homura_(senran_kagura)
2271,miriam_(bloodstained)
2272,satsuki_rin
2273,mary_(ib)
2274,cordelia_glauca
2275,uryuu_minene
2276,abigail_williams_(fate/grand_order)
2277,littorio_(kantai_collection)
2278,tenma_gabriel_white
2279,kisaragi_(azur_lane)
2280,fjorm_(fire_emblem_heroes)
2281,iris_heart
2282,ta-class_battleship
2283,asuka_(senran_kagura)
2284,ichinose_shiki
2285,tsumiki_mikan
2286,noel_(sora_no_method)
2287,dark_angel_olivia
2288,laffey_(azur_lane)
2289,yagyuu_(senran_kagura)
2290,koyanskaya
2291,cagliostro_(granblue_fantasy)
2292,shikibe_ayaka
2293,yachi_hitoka
2294,negev_(girls_frontline)
2295,takei_junko
2296,tachibana_marika
2297,natalia_luzu_kimlasca_lanvaldear
2298,mimi_houllier_von_schwarzlang
2299,umikaze_(kantai_collection)
2300,shirayuki_(kantai_collection)
2301,manako
2302,sanaki_kirsch_altina
2303,fuu-chan_(fujiwara_gacho)
2304,ciel_sacred
2305,wakaouji_ichigo
2306,iona
2307,yui_(sao)
2308,asada_shino
2309,yamakaze_(kantai_collection)
2310,houshou_hanon
2311,matsuoka_gou
2312,kamikaze_(kantai_collection)
2313,sakura_mai_(photokano)
2314,otosaka_ayumi
2315,suzumiya_akane
2316,asakura_yume
2317,akechi_kokoro
2318,graf_zeppelin_(kantai_collection)
2319,sona_buvelle
2320,hk416_(girls_frontline)
2321,miyazono_kawori
2322,kiryuu_tsukasa_(idolmaster)
2323,kita_hinako
2324,izetta
2325,atalanta_(fate)
2326,olga_marie_animusphere
2327,hinatsuru_ai
2328,yorita_yoshino
2329,kimura_natsuki
2330,akitsushima_(kantai_collection)
2331,elma_leivonen
2332,tsukumo_yatsuhashi
2333,nanase_kureha
2334,eliza_(tekken)
2335,juvia_lockser
2336,suzunoki_rin
2337,kanbe_kotori
2338,igawa_sakura
2339,shionji_yuuko
2340,kiba_manami
2341,oozora_akari
2342,niyah
2343,brynhildr_(fate)
2344,edna_(tales)
2345,tsuchinoko_(kemono_friends)
2346,isshiki_akane
2347,aioi_yuuko
2348,oomuro_hanako
2349,doujima_nanako
2350,karuma_mei
2351,tatsumi_kon
2352,matsumae_ohana
2353,erwin_(girls_und_panzer)
2354,alisa_(girls_und_panzer)
2355,inumuta_houka
2356,miyuki_(kantai_collection)
2357,nakahara_misaki
2358,ana_coppola
2359,fujisawa_yayoi_(uchuu_no_stellvia)
2360,yoshinoya
2361,aoba_kokona
2362,jouga_maya
2363,helena_k_sink
2364,onjouji_toki
2365,fennec_(kemono_friends)
2366,brown_bear_(kemono_friends)
2367,ogata_rina
2368,arnval
2369,tokisaki_kurumi
2370,i-401_(kantai_collection)
2371,yukinoshita_yukino
2372,naganohara_mio
2373,yorigami_jo'on
2374,cidney_aurum
2375,oonuma_kurumi
2376,murakami_tomoe
2377,ibara_mayaka
2378,sansei_muramasa
2379,sumeragi_kaguya
2380,kotonoha_akane
2381,naishi-chan
2382,pram
2383,nel_zelpher
2384,mirai_akari
2385,wa2000_(girls_frontline)
2386,welrod_mk2_(girls_frontline)
2387,hagikaze_(kantai_collection)
2388,zessica_wong
2389,aoi_kimi
2390,wonder_woman
2391,sherry_birkin
2392,kokoro_(doa)
2393,linkle
2394,tsukiumi
2395,kamizaki_risa
2396,emilia_(re:zero)
2397,kasumigaoka_utaha
2398,senju_muramasa
2399,sena_airi
2400,uchiha_sarada
2401,kitsu_chiri
2402,garnet_til_alexandros_xvii
2403,diana_cavendish
2404,ferry_(granblue_fantasy)
2405,retoree
2406,xuanzang_(fate/grand_order)
2407,yagami_kou
2408,chabashira_tenko
2409,latifa_fleuranza
2410,hacka_doll_3
2411,reticulated_giraffe_(kemono_friends)
2412,takino_tomo
2413,shiraha_raphiel_ainsworth
2414,harukaze_(kantai_collection)
2415,black_heart
2416,suzukaze_aoba
2417,ichijou_hotaru
2418,kikyou_(inuyasha)
2419,kawakami_mai
2420,aoyama_sumika
2421,green_heart
2422,silver_fox_(kemono_friends)
2423,katsuragi_(senran_kagura)
2424,orange_pekoe
2425,akatsuki_kirika
2426,mioda_ibuki
2427,boudica_(fate/grand_order)
2428,yonomori_kobeni
2429,hacka_doll_1
2430,elizabeth_f_beurling
2431,kumatora
2432,lalafell
2433,shiba_miyuki
2434,kar98k_(girls_frontline)
2435,minazuki_karen
2436,yuuno_scrya
2437,oshino_ougi
2438,chibikko_(morihito)
2439,honda_futayo
2440,zara_(kantai_collection)
2441,anabuki_tomoko
2442,kurosawa_ruby
2443,rory_mercury
2444,agano_(kantai_collection)
2445,magisa_(granblue_fantasy)
2446,es_(xblaze)
2447,miqo'te
2448,kamoi_(kantai_collection)
2449,elhaym_van_houten
2450,hanna-justina_marseille
2451,sumi-chan_(sachito)
2452,cleopatra_(fate/grand_order)
2453,katyusha
2454,android_21
2455,common_raccoon_(kemono_friends)
2456,asagumo_(kantai_collection)
2457,g36_(girls_frontline)
2458,hachiroku_(maitetsu)
2459,haibara_ai
2460,sucy_manbavaran
2461,irako_(kantai_collection)
2462,uraraka_ochako
2463,einhart_stratos
2464,rachnera_arachnera
2465,kokonoe_tsubaki
2466,takei_hisa
2467,asagiri_shiori
2468,uesugi_u_kyouko
2469,yayaka
2470,bellows_(suisei_no_gargantia)
2471,kunashiri_(kantai_collection)
2472,hisako_(angel_beats!)
2473,koshigaya_komari
2474,amelie_mcgregor
2475,sumeragi_shion
2476,tobiichi_origami
2477,yusa_kozue
2478,sesshouin_kiara
2479,hassan_of_serenity_(fate)
2480,eldridge_(azur_lane)
2481,ntw-20_(girls_frontline)
2482,vampire_(azur_lane)
2483,qbz-97_(girls_frontline)
2484,fluttershy
2485,lion_(kemono_friends)
2486,yuri_(doki_doki_literature_club)
2487,yamano_remon
2488,kaai_yuki
2489,miyoshi_sana
2490,hikari_(xenoblade_2)
2491,akagi_(azur_lane)
2492,ray_littlechamber
2493,cinia_pacifica
2494,sofia_valmer
2495,amane_suzuha
2496,komichi_aya
2497,shibuki_ran
2498,arikawa_hime
2499,sakaguchi_karina
2500,mori_yuki
2501,mizuno_youko
2502,shiomiya_shiori
2503,hoto_mocha
2504,zemi_mama
2505,megumin
2506,hitachi_mako
2507,fukuda_noriko
2508,yagyuu_kyuubei
2509,komano_aun
2510,florina
2511,fa
2512,oyashio_(kantai_collection)
2513,zaizen_tokiko
2514,hori_yuuko
2515,pyrrha_nikos
2516,sophie_twilight
2517,tokura_misaki
2518,ebisuzawa_kurumi
2519,ram_(re:zero)
2520,velvet_crowe
2521,sawamura_spencer_eriri
2522,fire_keeper
2523,kay_(girls_und_panzer)
2524,amelie_planchard
2525,miyamori_aoi
2526,okinami_(kantai_collection)
2527,hex_maniac_(pokemon)
2528,alisa_boskonovich
2529,menou_kaname
2530,amano_megumi
2531,beatrice_(re:zero)
2532,tsunemori_akane
2533,kurosawa_dia
2534,ezo_red_fox_(kemono_friends)
2535,ozen
2536,kanzaki_hideri
2537,kuon_(utawareru_mono)
2538,nakiri_erina
2539,tailred
2540,ursula_hartmann
2541,aki_(girls_und_panzer)
2542,forte_(shingeki_no_bahamut)
2543,orimura_chifuyu
2544,selesia_upitiria
2545,grea_(shingeki_no_bahamut)
2546,oribe_shiori
2547,kaidou_minami
2548,liliruca_arde
2549,hikage_(senran_kagura)
2550,takao_(azur_lane)
2551,yuri_seo
2552,ibis_douglas
2553,kumashiro_maya
2554,kuronuma_sawako
2555,tezuka_rin
2556,aqua_(konosuba)
2557,leo_(senran_kagura)
2558,sakata_nemuno
2559,scheherazade_(fate/grand_order)
2560,stheno
2561,yohane_bonaventura
2562,professor_shinonome
2563,reizei_mako
2564,k-2_(girls_frontline)
2565,beatrix_(granblue_fantasy)
2566,shiraishi_tsumugi
2567,kaguya_luna_(character)
2568,nakajima_(girls_und_panzer)
2569,tooru_(maidragon)
2570,mg4_(girls_frontline)
2571,vz.61_(girls_frontline)
2572,shoukaku_(azur_lane)
2573,cecily_cambell
2574,alice_cartelet
2575,usuta_sumire
2576,nakata_sae
2577,aoyama_blue_mountain
2578,izumi_reina
2579,tsuyuri_kumin
2580,uranami_(kantai_collection)
2581,aino_megumi
2582,kazagumo_(kantai_collection)
2583,shalltear_bloodfallen
2584,eria
2585,yumi_(senran_kagura)
2586,yukimura_aoi
2587,kagamihara_nadeshiko
2588,higashi_setsuna
2589,ringo-chan_(otokuyou)
2590,suzunari_shizuku
2591,miyu_edelfelt
2592,chikujouin_magane
2593,ooba_minori
2594,anemone_(flower_knight_girl)
2595,grete_m_gollob
2596,neo_(rwby)
2597,cattleya_(flower_knight_girl)
2598,yamamoto_akira
2599,lina_davis
2600,makishima_saori
2601,tsunomori_rona
2602,hana_n_fountainstand
2603,nekonyaa
2604,pepperoni_(girls_und_panzer)
2605,marie_(girls_und_panzer)
2606,isobe_noriko
2607,luciela_r._sourcream
2608,arisa_(shadowverse)
2609,nagase_minato
2610,lunch_(dragon_ball)
2611,jessica_(granblue_fantasy)
2612,saitou_kon
2613,erufuda-san
2614,kagerou_(fire_emblem_if)
2615,akamatsu_kaede
2616,semiramis_(fate)
2617,aliza_(granblue_fantasy)
2618,gundula_rall
2619,ushiwakamaru_(fate/grand_order)
2620,lunafreya_nox_fleuret
2621,alpaca_suri_(kemono_friends)
2622,nishi_kinuyo
2623,wilhelmina_braunschweig_ingenohl_friedeburg
2624,meowstress
2625,zeta_(granblue_fantasy)
2626,menat
2627,belfast_(azur_lane)
2628,aihara_enju
2629,jabami_yumeko
2630,marica_(fire_emblem)
2631,akame
2632,aiz_wallenstein
2633,yorha_type_a_no._2
2634,shiki_(senran_kagura)
2635,sakura_futaba
2636,akashi_(azur_lane)
2637,shimotsuki_potofu
2638,usui_seri
2639,chloe_von_einzbern
2640,waltrud_krupinski
2641,yuisis_(granblue_fantasy)
2642,aira_(fire_emblem)
2643,beatrice_(princess_principal)
2644,usami_mizuki
2645,hatakaze_(kantai_collection)
2646,helena_blavatsky_(fate/grand_order)
2647,sakaki_shizuka
2648,futaba_aoi_(vividred_operation)
2649,ebina_nana
2650,quiet_(metal_gear)
2651,meme_(me!me!me!)
2652,ithaca_m37_(girls_frontline)
2653,doma_umaru
2654,libeccio_(kantai_collection)
2655,takayama_maria
2656,esia_mariveninne
2657,pk_(girls_frontline)
2658,tama_(kantai_collection)
2659,jessica_jefferson
2660,ump9_(girls_frontline)
2661,pururut
2662,torii_eriko
2663,riven_(league_of_legends)
2664,nanashi_(ganesagi)
2665,kousaka_reina
2666,nishimiya_shouko
2667,san_diego_(azur_lane)
2668,ayase_arisa
2669,shirai_hinako
2670,sakura_airi
2671,arulumaya
2672,mizuho_(kantai_collection)
2673,queen_elizabeth_(azur_lane)
2674,admiral_graf_spee_(azur_lane)
2675,kaga_(azur_lane)
2676,kiana_kaslana
2677,iris_(rockman_x)
2678,yuuki_yuuna
2679,commandant_teste_(kantai_collection)
2680,celia_kumani_entory
2681,iwato_kasumi
2682,murasaki_(senran_kagura)
2683,tenjouin_asuka
2684,sanka_rea
2685,yukimi_koume
2686,hammann_(azur_lane)
2687,sakuranomiya_maika
2688,akari_(raigou)
2689,konori_mii
2690,albedo
2691,martina_(dq11)
2692,violet_evergarden_(character)
2693,heidimarie_w_schnaufer
2694,gentoo_penguin_(kemono_friends)
2695,chaika_trabant
2696,sophie_neuenmuller
2697,m4a1_(girls_frontline)
2698,ashido_mina
2699,cygnet_(azur_lane)
2700,shiro_(kida_kuro_mu)
2701,koko_hekmatyar
2702,ononoki_yotsugi
2703,assam
2704,miakis
2705,flora
2706,glycine_bleumer
2707,canaan_(character)
2708,kurumi_(kantoku)
2709,tomoe_gozen_(fate/grand_order)
2710,akatsuki_(log_horizon)
2711,rosetta_(granblue_fantasy)
2712,adagaki_aki
2713,yorigami_shion
2714,lieza
2715,usami_taiga
2716,lavinia_whateley_(fate/grand_order)
2717,jirou_kyouka
2718,i-14_(kantai_collection)
2719,caesar_(girls_und_panzer)
2720,hacka_doll_2
2721,g41_(girls_frontline)
2722,s.a.t.8_(girls_frontline)
2723,rosehip
2724,tsushima_(kantai_collection)
2725,mustard_seeds
2726,shizuku_(hunter_x_hunter)
2727,asari_nanami
2728,roux_louka
2729,qbz-95_(girls_frontline)
2730,yano_erika
2731,katou_danzou_(fate/grand_order)
2732,lafter_frankland
2733,dorothy_(princess_principal)
2734,ichii_yui
2735,light_cruiser_oni
2736,fujimiya_kaori
2737,ken_marinaris
2738,garie_tuman
2739,minazuki_(kantai_collection)
2740,utsutsu
2741,tamaki_ako
2742,eris_(asobi_ni_iku_yo!)
2743,m14_(girls_frontline)
2744,g11_(girls_frontline)
2745,xia_you_qing
2746,tororo_inniina
2747,rukino_saki
2748,edytha_rossmann
2749,grizzly_mkv_(girls_frontline)
2750,kuroda_kunika
2751,one_(cevio)
2752,sand_cat_(kemono_friends)
2753,kazamatsuri_kazari
2754,sono_midoriko
2755,elizabeth_(bioshock_infinite)
2756,natalia_poklonskaya
2757,hatsuse_izuna
2758,tougou_mimori
2759,nishizumi_shiho
2760,nanako_(to_heart_2)
2761,hippopotamus_(kemono_friends)
2762,georgette_lemare
2763,monika_(doki_doki_literature_club)
2764,takimoto_hifumi
2765,hashiri_nio
2766,saint_martha
2767,hoshino_(girls_und_panzer)
2768,nyotengu
2769,sen_(granblue_fantasy)
2770,sakurauchi_riko
2771,kalina_(girls_frontline)
2772,sado_(kantai_collection)
2773,ogasawara_rinko
2774,prinz_eugen_(azur_lane)
2775,vajra_(granblue_fantasy)
2776,ophelia_(fire_emblem_if)
2777,margay_(kemono_friends)
2778,nursery_rhyme_(fate/extra)
2779,luna_(shadowverse)
2780,shiramine_rika
2781,toga_himiko
2782,matsuwa_(kantai_collection)
2783,golden_snub-nosed_monkey_(kemono_friends)
2784,mitsumine_mashiro
2785,centorea_shianus
2786,matsumoto_rise
2787,jeanne_d'arc_(granblue_fantasy)
2788,richelieu_(kantai_collection)
2789,ai-chan_(tawawa)
2790,iijima_yun
2791,tsukinose_vignette_april
2792,matsumoto_yoriko
2793,tisshu_(karutamo)
2794,apollonia_vaar
2795,takanashi_touka
2796,fiorun
2797,choi_mochimazzui
2798,mossberg_m590_(girls_frontline)
2799,st_ar-15_(girls_frontline)
2800,uzaki_hana
2801,javelin_(azur_lane)
2802,graf_zeppelin_(azur_lane)
2803,lyria_(granblue_fantasy)
2804,tougou_hifumi
2805,euryale
2806,shimada_chiyo
2807,sagiri_(kantai_collection)
2808,kasuga_maru_(kantai_collection)
2809,yuudachi_(azur_lane)
2810,saratoga_(azur_lane)
2811,zero_(zero_kara_hajimeru_mahou_no_sho)
2812,tia-chan
2813,dark_falz_apprentice
2814,nonohara_yuzuko
2815,elma_(maidragon)
2816,sunohara_ayaka
2817,rukuriri
2818,oono_aya
2819,clara_(girls_und_panzer)
2820,heles
2821,io_(pso2)
2822,yaya_(machine-doll)
2823,heinrike_prinzessin_zu_sayn-wittgenstein
2824,small-clawed_otter_(kemono_friends)
2825,korwa
2826,asagiri_asagi
2827,snow_white_(sinoalice)
2828,hasegawa_chisame
2829,rfb_(girls_frontline)
2830,kazahana_(fire_emblem_if)
2831,quetzalcoatl_(fate/grand_order)
2832,fal_(girls_frontline)
2833,nakahara_(teriyaki)
2834,kusunoki_yukimura
2835,admiral_hipper_(azur_lane)
2836,illustrious_(azur_lane)
2837,ump45_(girls_frontline)
2838,kira_tsubasa
2839,nakagawa_natsuki
2840,yayoi_sakura
2841,sturm_(granblue_fantasy)
2842,imai_midori
2843,aleksandra_i_pokryshkin
2844,matsuri_(hidamari_sketch)
2845,mirage_farina_jenius
2846,matsurika_(pokemon)
2847,fenrir_(shingeki_no_bahamut)
2848,k5_(girls_frontline)
2849,miyauchi_renge
2850,hood_(azur_lane)
2851,touhoku_zunko
2852,alisa_reinford
2853,seulbi_lee
2854,st._louis_(azur_lane)
2855,moriyama_shiemi
2856,cleveland_(azur_lane)
2857,song_(granblue_fantasy)
2858,cthugha_(nyaruko-san)
2859,hatsuzuki_(kantai_collection)
2860,chiya_(urara_meirochou)
2861,mukuro_(sakiyo_cake)
2862,sasaki_akebi
2863,miyako_(rabochicken)
2864,hoshikawa_mafuyu
2865,fuyuumi_ai
2866,endou_saya
2867,nora_valkyrie
2868,kinpatsu-chan_(rucchiifu)
2869,shimohira_reika
2870,carmilla_(fate/grand_order)
2871,sayori_(doki_doki_literature_club)
2872,sky_(sky-freedom)
2873,narberal_gamma
2874,mizuki_(kutan)
2875,rachel_gardner
2876,humboldt_penguin_(kemono_friends)
2877,z23_(azur_lane)
2878,nosa_kouko
2879,claire_harvey
2880,touhoku_kiritan
2881,earth-chan
2882,female_protagonist_(pokemon_go)
2883,ryoubi_(senran_kagura)
2884,ayanami_(azur_lane)
2885,alessandra_susu
2886,fuuka_reventon
2887,anette_(pso2)
2888,amatsuka_tsurara
2889,sylphy_(amaburi)
2890,m16a1_(girls_frontline)
2891,itsuwa
2892,togame
2893,saionji_reimi
2894,tsuchiya_(girls_und_panzer)
2895,sorami_kanata
2896,kudelia_aina_bernstein
2897,honolulu_(azur_lane)
2898,medb_(fate/grand_order)
2899,okumura_haru
2900,aikawa_chiho
2901,tina_(closers)
2902,9a-91_(girls_frontline)
2903,yamashiro_(azur_lane)
2904,ikusaba_mukuro
2905,ning_hai_(azur_lane)
2906,satellizer_el_bridget
2907,saemonza
2908,usuzumi_hatsumi
2909,nazuna
2910,takanashi_nazuna
2911,sita_vilosa
2912,elise_(fire_emblem_if)
2913,compa
2914,sharena
2915,leilan_(p&d)
2916,felicia_(fire_emblem_if)
2917,aiba_asagi
2918,tsurugi_minko
2919,federica_n_doglio
2920,chaika_bogdan
2921,tar-21_(girls_frontline)
2922,kirara_bernstein
2923,asahina_aoi
2924,sakuramachi_touko
2925,shirayuri_sakura
2926,suzutsuki_(kantai_collection)
2927,tamamo_(yagi)
2928,chijou_noko
2929,mitoko_(tsuchikure)
2930,prince_of_wales_(azur_lane)
2931,yasuhara_ema
2932,tendou_karen
2933,karibuchi_hikari
2934,tsukimura_suzuka
2935,sora_ginko
2936,penthesilea_(fate/grand_order)
2937,nina_(breath_of_fire_ii)
2938,ariaria_(netsuki)
2939,karasuma_chitose_(girlish_number)
2940,niya
2941,koharu_yoshino
2942,natsu_megumi
2943,kotora_(toranoana)
2944,spas-12_(girls_frontline)
2945,tsuneki_hikari
2946,takamaki_anne
2947,amano_tora
2948,uchida_mayumi
2949,suomi_kp31_(girls_frontline)
2950,theresa_apocalypse
2951,kamiki_izumo
2952,ravness_loxaerion
2953,mk_23_(girls_frontline)
2954,female_gunner_(dungeon_and_fighter)
2955,warspite_(azur_lane)
2956,azumi_(girls_und_panzer)
2957,yuuki_anju
2958,yaoyorozu_momo
2959,yaia_(granblue_fantasy)
2960,elysia_de_lute_ima
2961,kohinata_aoi_(dokidoki_sister_aoi-chan)
2962,sakurai_aoi
2963,five-seven_(girls_frontline)
2964,ribeyrolles_1918_(girls_frontline)
2965,lady_(devil_may_cry)
2966,yunomiya_agari
2967,sumi_elias
2968,sistine_fiber
2969,emma_(victorian_romance_emma)
2970,anthuria
2971,mg5_(girls_frontline)
2972,naegi_komaru
2973,kizuna_ai
2974,mata_hari_(fate/grand_order)
2975,pai-chan_(nao)
2976,takizawa_kyouko
2977,raiden_mei
2978,ping_hai_(azur_lane)
2979,shiori_(kamioka_shun'ya)
2980,sara_(granblue_fantasy)
2981,milinda_brantini
2982,misaki_akeno
2983,arisaka_mashiro
2984,la_pucelle_(mahoiku)
2985,veronica_(dq11)
2986,tiffy
2987,colo_mag-chan
2988,ryougi_mana
2989,kousaka_yukiho
2990,hasegawa_urumi
2991,wakamoto_tetsuko
2992,emily_stock
2993,paul_bunyan_(fate/grand_order)
2994,tsuru-chan
2995,norah_bright
2996,oikura_sodachi
2997,elf_(houtengeki)
2998,nakatani_iku
2999,priscilla_barielle
3000,gotou_jun
3001,jahy
3002,rin_(shelter)
3003,yukinoshita_haruno
3004,yume_(grimgar)
3005,sutera_(granblue_fantasy)
3006,amemiya_sekira
3007,kizuna_akari
3008,raisa_pottgen
3009,nekomiya_ryuu
3010,fernandia_malvezzi
3011,shizuku_(kantoku)
3012,nakiri_alice
3013,echidna_(p&d)
3014,blonde_girl_(itou)
3015,nikaidou_chizuru
3016,chigusa_asuha
3017,chiyo_(ane_naru_mono)
3018,tokoro_megumi
3019,long_island_(azur_lane)
3020,inaba_himeko
3021,shinoda_hajime
3022,satou_sakie
3023,repulse_(azur_lane)
3024,koizumi_mahiru
3025,kawakami_sadayo
3026,tmp_(girls_frontline)
3027,high_elf_archer_(goblin_slayer!)
3028,hyur
3029,takemi_tae
3030,emori_miku
3031,rena_(elsword)
3032,kinukawa_chinatsu
3033,rumia_tingel
3034,rodney_(azur_lane)
3035,tina_sprout
3036,ashida_machi
3037,takanashi_hikari
3038,reiko_holinger
3039,cecilia_lynne_adelhyde
3040,yotsuba_(sister_princess)
3041,osaragi_hazumu
3042,akashiya_moka
3043,ouma_kokichi
3044,rebecca_(fire_emblem)
3045,saotome_ako
3046,natsuki_(doki_doki_literature_club)
3047,mp40_(girls_frontline)
3048,ayuzawa_misaki
3049,gawain_(fate/extra)
3050,sorano_aoi
3051,oshimizu_nako
3052,touyoko_momoko
3053,lucia_(pangya)
3054,reki
3055,afilia_(kiyomin)
3056,narwhal_(kemono_friends)
3057,shigure_(fire_emblem_if)
3058,matsuo_chizuru
3059,musujime_awaki
3060,tiamo
3061,flaky
3062,komi_shouko
3063,alicia_florence
3064,ro635_(girls_frontline)
3065,arjuna_(fate/grand_order)
3066,momochi_tamate
3067,shima_rin
3068,igarashi_futaba_(shiromanta)
3069,zero_two_(darling_in_the_franxx)
3070,stella_unibell
3071,ayano_aishi
3072,ichigo_(darling_in_the_franxx)
3073,nemurin
3074,koshigaya_natsumi
3075,sengoku_kamuri
3076,mikko_(girls_und_panzer)
3077,yuki_onna_(ring_dream)
3078,munetani_mashiro
3079,nagara_(azur_lane)
3080,nekomata_(youkai_hyakki-tan!)
3081,onoe_serika
3082,z46_(azur_lane)
3083,nunotaba_shinobu
3084,hiei_(azur_lane)
3085,nelson_(azur_lane)
3086,nikaidou_shinku
3087,irizaki_mei
3088,anzu_(sumisaki_yuzuna)
3089,kirika_towa_alma
3090,christine
3091,black-tailed_prairie_dog_(kemono_friends)
3092,nakaseko_kaori
3093,yoroizuka_mizore
3094,female_priest_(dungeon_and_fighter)
3095,tamura_yuri
3096,sakurajima_mai
3097,zuikaku_(azur_lane)
3098,vector_(girls_frontline)
3099,north_carolina_(azur_lane)
3100,android_girl_(itou)
3101,cutlass_(girls_und_panzer)
3102,hiro_(darling_in_the_franxx)
3103,miku_(darling_in_the_franxx)
3104,okusawa_misaki
3105,motoba_kirie
3106,andou_(girls_und_panzer)
3107,super_sass_(girls_frontline)
3108,rose_pacifica
3109,myrrh
3110,shera_l_greenwood
3111,mitake_ran
3112,sandalphon_(granblue_fantasy)
3113,jenny_(fire_emblem)
3114,nemoto_hina
3115,idw_(girls_frontline)
3116,hiyajou_maho
3117,shirasagi_chisato
3118,tsurumaki_kokoro
3119,priestess_(goblin_slayer!)
3120,imai_lisa
3121,tokarev_(girls_frontline)
3122,juliet_persia
3123,yashajin_ai
3124,inuyama_aoi
3125,ichigaya_arisa
3126,minato_yukina
3127,oogaki_chiaki
3128,llenn_(sao)
3129,iris_yuma
3130,kagari_(pokemon)
3131,maruyama_aya
3132,aoba_moka
3133,anastasia_(fate/grand_order)
3134,hikawa_hina
3135,shinjou_akane
3136,nora_cat
3137,glorious_(azur_lane)
3138,silence_suzuka
3139,katou_asuka
3140,uni_(neptune_series)
3141,kusakabe_yuuki_(to_heart_2)
3142,tsukino_mito
3143,natori_sana
3144,takarada_rikka
3145,ilsa_(granblue_fantasy)
3146,kuwayama_chiyuki
3147,bowsette
3148,mahira_(granblue_fantasy)
3149,taihou_(azur_lane)
3150,shirase_sakuya
3151,komiya_kaho
3152,moeta_kaoruko
3153,bradamante_(fate/grand_order)
3154,octoling
3155,lisa_(ponyo)
3156,i-26_(azur_lane)
3157,azuma_lim
3158,mikoko_(kemomimi_oukoku_kokuei_housou)
3159,ienaga_mugi
3160,tsukioka_kogane
3161,princess_king_boo
3162,platelet_(hataraku_saibou)
3163,andira_(granblue_fantasy)
3164,hatoba_tsugu_(character)
3165,minamoto_sakura
3166,cucouroux_(granblue_fantasy)
3167,intrepid_(kantai_collection)
3168,mizuki_(pokemon)
3169,hamanami_(kantai_collection)
3170,nelson_(kantai_collection)
3171,vira_lilie
3172,neptune_(neptune_series)
3173,arthur_pendragon_(fate)
3174,kasako_(komeshiro_kasu)
3175,narmaya_(granblue_fantasy)
3176,mitsumine_yuika
3177,hachimiya_meguru
3178,shizuka_rin
3179,lucy_(elfen_lied)
3180,scathacha_(granblue_fantasy)
3181,if_(neptune_series)
3182,sakuragi_mano
3183,xenovia_quarta
3184,nekomiya_hinata
3185,massachusetts_(azur_lane)
3186,yae_sakura_(honkai_impact)
3187,higuchi_kaede
3188,tirpitz_(warship_girls_r)
3189,zooey_(granblue_fantasy)
3190,sister_cleaire
3191,ruru_amour
3192,qin_liangyu_(fate)
3193,pengy_(granblue_fantasy)
3194,camieux
3195,brown_haired_glasses_elf_(houtengeki)
3196,sinon
3197,essex_(azur_lane)
3198,victorious_(azur_lane)
3199,roon_(azur_lane)
3200,charlotta_fenia
3201,ak-12_(girls_frontline)
3202,tanaka_mamimi
3203,consort_yu_(fate)
3204,lexington_(warship_girls_r)
3205,yat_sen_(warship_girls_r)
3206,richelieu_(warship_girls_r)
3207,rodney_(warship_girls_r)
3208,olive_laurentia
3209,c-ms_(girls_frontline)
3210,katalina_aryze
3211,yuukoku_kiriko
3212,brigitte_(overwatch)
3213,metera_(granblue_fantasy)
3214,thunder_(girls_frontline)
3215,saijou_juri
3216,maestrale_(kantai_collection)
3217,morino_rinze
3218,mizuno_ai
3219,nikaidou_saki
3220,dunkerque_(azur_lane)
3221,ning_hai_(warship_girls_r)
3222,jervis_(kantai_collection)
3223,oosaki_amana
3224,roboco-san
3225,gambier_bay_(kantai_collection)
3226,arisugawa_natsuha
3227,special_week
3228,elu_(nijisanji)
3229,uma_(oopartz_yang)
3230,konno_junko
3231,tashkent_(kantai_collection)
3232,kishinami_(kantai_collection)
3233,rom_(neptune_series)
3234,sheffield_(azur_lane)
3235,futaba_akane
3236,futaba_aoi
3237,gotland_(kantai_collection)
3238,shin'you_(kantai_collection)
3239,koshirae_tsurugi
3240,akiha_rumiho
3241,an-94_(girls_frontline)
3242,ophelia_phamrsolone
3243,minato_aqua
3244,natsuiro_matsuri
3245,akatsuki_yuni
3246,samuel_b._roberts_(kantai_collection)
3247,vittorio_veneto_(warship_girls_r)
3248,mononobe_alice
3249,kokkoro_(princess_connect!)
3250,tokino_sora
3251,lee_ji-eun_(bural_chingu)
3252,lora_(xenoblade_2)
3253,kayneth_el-melloi_archibald
3254,lunalu_(granblue_fantasy)
3255,saratoga_(warship_girls_r)
3256,yggdrasil_(granblue_fantasy)
3257,oosaki_tenka
3258,takeda_emi
3259,morinaka_kazaki
3260,kazano_hiori
3261,futaba_rio
3262,edelgard_von_hresvelgr_(fire_emblem)
